﻿<?xml version='1.0' encoding="utf-8" ?>
<!--
/**
 * Magento Enterprise Edition
 *
 * NOTICE OF LICENSE
 *
 * This source file is subject to the Magento Enterprise Edition License
 * that is bundled with this package in the file LICENSE_EE.txt.
 * It is also available through the world-wide-web at this URL:
 * http://www.magentocommerce.com/license/enterprise-edition
 * If you did not receive a copy of the license and are unable to
 * obtain it through the world-wide-web, please send an email
 * to license@magentocommerce.com so we can send you a copy immediately.
 *
 * DISCLAIMER
 *
 * Do not edit or add to this file if you wish to upgrade Magento to newer
 * versions in the future. If you wish to customize Magento for your
 * needs please refer to http://www.magentocommerce.com for more information.
 *
 * @category    Enterprise
 * @copyright   Copyright (c) 2009 Irubin Consulting Inc. DBA Varien (http://www.varien.com)
 * @license     http://www.magentocommerce.com/license/enterprise-edition
 */
-->
<config>
    <global>
        <cache>
            <request_processors>
                <ee>Enterprise_PageCache_Model_Processor</ee>
            </request_processors>
            <frontend_options>
                <slab_size>1040000</slab_size>
            </frontend_options>
        </cache>
        <full_page_cache>
            <backend>Mage_Cache_Backend_File</backend>
            <backend_options>
                <cache_dir>full_page_cache</cache_dir>
            </backend_options>
        </full_page_cache>
        <skip_process_modules_updates>0</skip_process_modules_updates>
    </global>
</config>
