<?xml version="1.0"?>
<!--
/**
 * Magento Enterprise Edition
 *
 * NOTICE OF LICENSE
 *
 * This source file is subject to the Magento Enterprise Edition End User License Agreement
 * that is bundled with this package in the file LICENSE_EE.txt.
 * It is also available through the world-wide-web at this URL:
 * http://www.magento.com/license/enterprise-edition
 * If you did not receive a copy of the license and are unable to
 * obtain it through the world-wide-web, please send an email
 * to license@magento.com so we can send you a copy immediately.
 *
 * DISCLAIMER
 *
 * Do not edit or add to this file if you wish to upgrade Magento to newer
 * versions in the future. If you wish to customize Magento for your
 * needs please refer to http://www.magento.com for more information.
 *
 * @category    Enterprise
 * @package     Enterprise_UrlRewrite
 * @copyright Copyright (c) 2006-2014 X.commerce, Inc. (http://www.magento.com)
 * @license http://www.magento.com/license/enterprise-edition
 */
-->
<config>
    <sections>
        <index_management>
            <groups>
                <index_options>
                    <fields>
                        <redirect_url_rewrite translate="label" module="enterprise_urlrewrite">
                            <label>Redirect URL Rewrite</label>
                            <frontend_type>select</frontend_type>
                            <source_model>enterprise_index/system_config_source_update</source_model>
                            <sort_order>300</sort_order>
                            <show_in_default>1</show_in_default>
                        </redirect_url_rewrite>
                    </fields>
                </index_options>
            </groups>
        </index_management>
        <catalog>
            <groups>
                <seo>
                    <fields>
                        <priority translate="label comment">
                            <label>Priority for Duplicated URL Keys</label>
                            <comment>Requires full page cache refresh to take effect.</comment>
                            <frontend_type>select</frontend_type>
                            <source_model>enterprise_urlrewrite/system_config_source_matcherPriority</source_model>
                            <backend_model>enterprise_urlrewrite/system_config_backend_matcherPriority</backend_model>
                            <sort_order>100</sort_order>
                            <show_in_default>1</show_in_default>
                            <show_in_website>0</show_in_website>
                            <show_in_store>0</show_in_store>
                        </priority>
                    </fields>
                </seo>
            </groups>
        </catalog>
    </sections>
</config>
