<?xml version="1.0"?>
<!--
/**
 * Magento Enterprise Edition
 *
 * NOTICE OF LICENSE
 *
 * This source file is subject to the Magento Enterprise Edition End User License Agreement
 * that is bundled with this package in the file LICENSE_EE.txt.
 * It is also available through the world-wide-web at this URL:
 * http://www.magento.com/license/enterprise-edition
 * If you did not receive a copy of the license and are unable to
 * obtain it through the world-wide-web, please send an email
 * to license@magento.com so we can send you a copy immediately.
 *
 * DISCLAIMER
 *
 * Do not edit or add to this file if you wish to upgrade Magento to newer
 * versions in the future. If you wish to customize Magento for your
 * needs please refer to http://www.magento.com for more information.
 *
 * @category    Enterprise
 * @package     Enterprise_Invitation
 * @copyright Copyright (c) 2006-2014 X.commerce, Inc. (http://www.magento.com)
 * @license http://www.magento.com/license/enterprise-edition
 */
-->
<config>
    <acl>
        <resources>
            <admin>
                <children>
                    <customer>
                        <children>
                             <enterprise_invitation translate="title" module="enterprise_invitation">
                                <title>Invitations</title>
                                <sort_order>30</sort_order>
                            </enterprise_invitation>
                        </children>
                    </customer>
                    <report>
                        <children>
                            <enterprise_invitation translate="title" module="enterprise_invitation">
                                <title>Invitations</title>
                                <sort_order>40</sort_order>
                                <children>
                                    <general translate="title" module="enterprise_invitation">
                                        <title>General</title>
                                        <sort_order>10</sort_order>
                                    </general>
                                    <customer translate="title" module="enterprise_invitation">
                                        <title>Customers</title>
                                        <sort_order>20</sort_order>
                                    </customer>
                                    <order translate="title" module="enterprise_invitation">
                                        <title>Order Conversion Rate</title>
                                        <sort_order>30</sort_order>
                                    </order>
                                </children>
                            </enterprise_invitation>
                        </children>
                    </report>
                    <system>
                        <children>
                            <config>
                                <children>
                                       <enterprise_invitation translate="title" module="enterprise_invitation">
                                           <title>Invitation Section</title>
                                       </enterprise_invitation>
                                </children>
                            </config>
                        </children>
                    </system>
                </children>
            </admin>
        </resources>
    </acl>
    <menu>
        <customer>
            <children>
                <enterprise_invitation translate="title" module="enterprise_invitation">
                       <title>Invitations</title>
                       <action>adminhtml/invitation</action>
                       <sort_order>30</sort_order>
                       <depends>
                           <module>Enterprise_Invitation</module>
                           <config>enterprise_invitation/general/enabled</config>
                       </depends>
                </enterprise_invitation>
            </children>
        </customer>
        <report>
            <children>
                <enterprise_invitation translate="title" module="enterprise_invitation">
                       <title>Invitations</title>
                       <sort_order>30</sort_order>
                       <depends>
                           <module>Enterprise_Invitation</module>
                           <config>enterprise_invitation/general/enabled</config>
                       </depends>
                       <children>
                           <general translate="title" module="enterprise_invitation">
                               <title>General</title>
                               <action>adminhtml/report_invitation</action>
                               <resource>report/enterprise_invitation</resource>
                               <sort_order>10</sort_order>
                           </general>
                           <customer translate="title" module="enterprise_invitation">
                               <title>Customers</title>
                               <action>adminhtml/report_invitation/customer</action>
                               <resource>report/enterprise_invitation</resource>
                               <sort_order>20</sort_order>
                           </customer>
                           <order translate="title" module="enterprise_invitation">
                               <title>Order Conversion Rate</title>
                               <action>adminhtml/report_invitation/order</action>
                               <resource>report/enterprise_invitation</resource>
                               <sort_order>30</sort_order>
                           </order>
                       </children>
                </enterprise_invitation>
            </children>
        </report>
    </menu>
</config>
