<?xml version="1.0"?>
<!--
/**
 * Magento Enterprise Edition
 *
 * NOTICE OF LICENSE
 *
 * This source file is subject to the Magento Enterprise Edition End User License Agreement
 * that is bundled with this package in the file LICENSE_EE.txt.
 * It is also available through the world-wide-web at this URL:
 * http://www.magento.com/license/enterprise-edition
 * If you did not receive a copy of the license and are unable to
 * obtain it through the world-wide-web, please send an email
 * to license@magento.com so we can send you a copy immediately.
 *
 * DISCLAIMER
 *
 * Do not edit or add to this file if you wish to upgrade Magento to newer
 * versions in the future. If you wish to customize Magento for your
 * needs please refer to http://www.magento.com for more information.
 *
 * @category    Enterprise
 * @package     Enterprise_Invitation
 * @copyright Copyright (c) 2006-2014 X.commerce, Inc. (http://www.magento.com)
 * @license http://www.magento.com/license/enterprise-edition
 */
-->
<logging>
    <enterprise_invitation translate="label">
        <label>Customer Invitations</label>
        <expected_models>
            <enterprise_invitation__invitation/>
        </expected_models>
        <actions>
            <adminhtml_invitation_view>
                <action>view</action>
            </adminhtml_invitation_view>

            <adminhtml_invitation_save>
                <action>save</action>
            </adminhtml_invitation_save>

            <adminhtml_invitation_saveInvitation>
                <action>save</action>
            </adminhtml_invitation_saveInvitation>

            <adminhtml_invitation_massCancel>
                <action>massUpdate</action>
            </adminhtml_invitation_massCancel>

            <adminhtml_invitation_massResend>
                <action>massUpdate</action>
                <post_dispatch>Enterprise_Invitation_Model_Observer::postDispatchInvitationMassUpdate</post_dispatch>
            </adminhtml_invitation_massResend>
        </actions>
    </enterprise_invitation>
</logging>
