<?xml version="1.0"?>
<!--
/**
 * Magento Enterprise Edition
 *
 * NOTICE OF LICENSE
 *
 * This source file is subject to the Magento Enterprise Edition End User License Agreement
 * that is bundled with this package in the file LICENSE_EE.txt.
 * It is also available through the world-wide-web at this URL:
 * http://www.magento.com/license/enterprise-edition
 * If you did not receive a copy of the license and are unable to
 * obtain it through the world-wide-web, please send an email
 * to license@magento.com so we can send you a copy immediately.
 *
 * DISCLAIMER
 *
 * Do not edit or add to this file if you wish to upgrade Magento to newer
 * versions in the future. If you wish to customize Magento for your
 * needs please refer to http://www.magento.com for more information.
 *
 * @category    Enterprise
 * @package     Enterprise_Invitation
 * @copyright Copyright (c) 2006-2014 X.commerce, Inc. (http://www.magento.com)
 * @license http://www.magento.com/license/enterprise-edition
 */
-->
<config>
    <sections>
        <enterprise_invitation translate="label" module="enterprise_invitation">
            <label>Invitations</label>
            <class>separator-top</class>
            <tab>customer</tab>
            <sort_order>200</sort_order>
            <show_in_default>1</show_in_default>
            <show_in_website>1</show_in_website>
            <show_in_store>1</show_in_store>
            <groups>
                <email translate="label" module="enterprise_invitation">
                    <label>Email</label>
                    <frontend_type>text</frontend_type>
                    <sort_order>100</sort_order>
                    <show_in_default>1</show_in_default>
                    <show_in_website>1</show_in_website>
                    <show_in_store>1</show_in_store>
                    <fields>
                        <identity translate="label">
                            <label>Customer Invitation Email Sender</label>
                            <frontend_type>select</frontend_type>
                            <source_model>adminhtml/system_config_source_email_identity</source_model>
                            <sort_order>1</sort_order>
                            <show_in_default>1</show_in_default>
                            <show_in_website>1</show_in_website>
                            <show_in_store>1</show_in_store>
                        </identity>
                        <template translate="label">
                            <label>Customer Invitation Email Template</label>
                            <frontend_type>select</frontend_type>
                            <source_model>adminhtml/system_config_source_email_template</source_model>
                            <sort_order>2</sort_order>
                            <show_in_default>1</show_in_default>
                            <show_in_website>1</show_in_website>
                            <show_in_store>1</show_in_store>
                        </template>
                    </fields>
                </email>
                <general translate="label" module="enterprise_invitation">
                    <label>General</label>
                    <frontend_type>text</frontend_type>
                    <sort_order>20</sort_order>
                    <show_in_default>1</show_in_default>
                    <show_in_website>1</show_in_website>
                    <show_in_store>1</show_in_store>
                    <fields>
                        <enabled translate="label">
                            <label>Enable Invitations Functionality</label>
                            <frontend_type>select</frontend_type>
                            <source_model>adminhtml/system_config_source_yesno</source_model>
                            <backend_model>enterprise_invitation/adminhtml_system_config_backend_cache</backend_model>
                            <sort_order>0</sort_order>
                            <show_in_default>1</show_in_default>
                            <show_in_website>0</show_in_website>
                            <show_in_store>0</show_in_store>
                        </enabled>
                        <enabled_on_front translate="label">
                            <label>Enable Invitations on Frontend</label>
                            <frontend_type>select</frontend_type>
                            <source_model>adminhtml/system_config_source_yesno</source_model>
                            <backend_model>enterprise_invitation/adminhtml_system_config_backend_cache</backend_model>
                            <sort_order>5</sort_order>
                            <show_in_default>1</show_in_default>
                            <show_in_website>1</show_in_website>
                            <show_in_store>0</show_in_store>
                        </enabled_on_front>
                        <registration_use_inviter_group translate="label">
                            <label>Referred Customer Group</label>
                            <frontend_type>select</frontend_type>
                            <source_model>enterprise_invitation/adminhtml_system_config_source_boolean_group</source_model>
                            <sort_order>10</sort_order>
                            <show_in_default>1</show_in_default>
                            <show_in_website>1</show_in_website>
                            <show_in_store>1</show_in_store>
                        </registration_use_inviter_group>
                        <registration_required_invitation translate="label">
                            <label>New Accounts Registration</label>
                            <frontend_type>select</frontend_type>
                            <source_model>enterprise_invitation/adminhtml_system_config_source_boolean_registration</source_model>
                            <sort_order>15</sort_order>
                            <show_in_default>1</show_in_default>
                            <show_in_website>1</show_in_website>
                            <show_in_store>1</show_in_store>
                        </registration_required_invitation>
                        <allow_customer_message translate="label">
                            <label>Allow Customers to Add Custom Message to Invitation Email</label>
                            <frontend_type>select</frontend_type>
                            <source_model>adminhtml/system_config_source_yesno</source_model>
                            <sort_order>20</sort_order>
                            <show_in_default>1</show_in_default>
                            <show_in_website>1</show_in_website>
                            <show_in_store>1</show_in_store>
                        </allow_customer_message>
                        <max_invitation_amount_per_send translate="label">
                            <label>Max Invitations Allowed to be Sent at One Time</label>
                            <frontend_type>text</frontend_type>
                            <backend_model>enterprise_invitation/adminhtml_system_config_backend_limited</backend_model>
                            <sort_order>25</sort_order>
                            <show_in_default>1</show_in_default>
                            <show_in_website>1</show_in_website>
                            <show_in_store>1</show_in_store>
                        </max_invitation_amount_per_send>
                    </fields>
                </general>
            </groups>
        </enterprise_invitation>
    </sections>
</config>
