<?xml version="1.0"?>
<!--
/**
 * Magento Enterprise Edition
 *
 * NOTICE OF LICENSE
 *
 * This source file is subject to the Magento Enterprise Edition End User License Agreement
 * that is bundled with this package in the file LICENSE_EE.txt.
 * It is also available through the world-wide-web at this URL:
 * http://www.magento.com/license/enterprise-edition
 * If you did not receive a copy of the license and are unable to
 * obtain it through the world-wide-web, please send an email
 * to license@magento.com so we can send you a copy immediately.
 *
 * DISCLAIMER
 *
 * Do not edit or add to this file if you wish to upgrade Magento to newer
 * versions in the future. If you wish to customize Magento for your
 * needs please refer to http://www.magento.com for more information.
 *
 * @category    design
 * @package     rwd_enterprise
 * @copyright Copyright (c) 2006-2014 X.commerce, Inc. (http://www.magento.com)
 * @license http://www.magento.com/license/enterprise-edition
 */
-->
<theme>
    <parent>rwd/default</parent>
    <layout>
        <updates>
            <enterprise_catalogsearch>
                <file>enterprise/catalogsearch.xml</file>
            </enterprise_catalogsearch>
            <enterprise_checkout>
                <file>enterprise/checkout.xml</file>
            </enterprise_checkout>
            <enterprise_cms>
                <file>enterprise/cms.xml</file>
            </enterprise_cms>
            <enterprise_customer>
                <file>enterprise/customer.xml</file>
            </enterprise_customer>
            <enterprise_newsletter>
                <file>enterprise/newsletter.xml</file>
            </enterprise_newsletter>
            <enterprise_oauth>
                <file>enterprise/oauth.xml</file>
            </enterprise_oauth>
            <enterprise_page>
                <file>enterprise/page.xml</file>
            </enterprise_page>
            <enterprise_review>
                <file>enterprise/review.xml</file>
            </enterprise_review>
        </updates>
    </layout>
</theme>
